<?xml version="1.0" encoding="UTF-8"?>
<beans xmlns="http://www.springframework.org/schema/beans"
	xmlns:xsi="http://www.w3.org/2001/XMLSchema-instance"
	xmlns:context="http://www.springframework.org/schema/context"
	xsi:schemaLocation="http://www.springframework.org/schema/beans https://www.springframework.org/schema/beans/spring-beans-4.3.xsd
		http://www.springframework.org/schema/context https://www.springframework.org/schema/context/spring-context-4.3.xsd">

   <!-- Cfg DataSource -->
   <bean id="hkDs"  class="com.zaxxer.hikari.HikariDataSource">
     <property name="driverClassName" value="oracle.jdbc.driver.OracleDriver"/>
     <property name="jdbcUrl"  value="jdbc:oracle:thin:@localhost:1521:xe"/>
     <property name="username"  value="system"/>
     <property name="password" value="manager"/>
     <property name="minimumIdle"  value="10"/>
     <property name="maximumPoolSize" value="20"/>
     <property name="idleTimeout" value="60000"/>
   </bean>
   
   <!-- cfg JdbcTemplate -->
   <bean id="template"  class="org.springframework.jdbc.core.JdbcTemplate">
       <constructor-arg ref="hkDs"/>
   </bean>
   
   <context:component-scan base-package="com.nt.dao"/>

</beans>
