<?xml version="1.0" encoding="UTF-8"?>
<beans xmlns="http://www.springframework.org/schema/beans"
	xmlns:xsi="http://www.w3.org/2001/XMLSchema-instance"
	xmlns:aop="http://www.springframework.org/schema/aop"
	xsi:schemaLocation="http://www.springframework.org/schema/beans https://www.springframework.org/schema/beans/spring-beans-4.3.xsd
		http://www.springframework.org/schema/aop https://www.springframework.org/schema/aop/spring-aop-4.3.xsd">

  <!-- cfg aspect class as spring bean -->
  <bean id="securityAspect"  class="com.nt.aspect.SecurityCheckAspect">
    <constructor-arg  ref="authManager"/>
  </bean>
  
  <!-- enable AOP configurations -->
  <aop:config>
     <aop:pointcut expression="execution(java.lang.String com.nt.service.BankMgmtService.*(..))" id="ptc"/>
  
  
   <!-- make spring bean aspectjAOP -->
   <aop:aspect   ref="securityAspect">
      <aop:before method="check" pointcut-ref="ptc"/>
   </aop:aspect>
</aop:config>
</beans>
